DROP TABLE COMMENT_LIKED;
DROP TABLE POSTS_HAVE;
DROP TABLE COMMENTS;
DROP TABLE SHARES;
DROP TABLE PHOTOS;
DROP TABLE POSTS_LIKED;
DROP TABLE POSTS;
DROP TABLE PAGE_LIKED;
DROP TABLE PAGES;
DROP TABLE FRIENDS;
DROP TABLE PERMISSIONS;
DROP TABLE ROLES;
DROP TABLE LOGINS;
DROP TABLE USERS;

-- TABLE CREATION

CREATE TABLE USERS(
    USER_ID NUMBER(10) NOT NULL,
    USERNAME VARCHAR2(20),
    USER_MOBILE NUMBER(11),
    USER_EMAIL VARCHAR2(50),
    USER_ADDRESS VARCHAR2(50),
    PRIMARY KEY(USER_ID)
);

CREATE TABLE LOGINS(
    LOGIN_ID NUMBER(10) NOT NULL,
    LOGIN_USERNAME VARCHAR2(20),
    USER_PASSWORD VARCHAR2(20),
    PRIMARY KEY(LOGIN_ID),
    FOREIGN KEY(LOGIN_ID) REFERENCES USERS(USER_ID)
);

CREATE TABLE ROLES (
    ROLE_ID NUMBER(10) NOT NULL,
    ROLE_NAME VARCHAR2(20),
    ROLE_DESC VARCHAR2(50),
    PRIMARY KEY(ROLE_ID),
    FOREIGN KEY(ROLE_ID) REFERENCES LOGINS(LOGIN_ID)
);

CREATE TABLE PERMISSIONS (
    PER_ID NUMBER(10) NOT NULL,
    PER_NAME VARCHAR2(10),
    PER_MODULE VARCHAR2(5),
    PRIMARY KEY(PER_ID),
    FOREIGN KEY(PER_ID) REFERENCES ROLES(ROLE_ID)
);

CREATE TABLE FRIENDS (
    FRIEND_ID NUMBER(10) NOT NULL,
    USER_ID NUMBER(10) NOT NULL,
    PRIMARY KEY (FRIEND_ID),
    FOREIGN KEY (USER_ID) REFERENCES USERS(USER_ID)
);

CREATE TABLE PAGES (
    PAGE_ID NUMBER(15) NOT NULL,
    PAGE_NAME VARCHAR2(30),
    PAGE_CONTENT VARCHAR2(50),
    PRIMARY KEY(PAGE_ID)
);

CREATE TABLE PAGE_LIKED (
    PAGE_ID NUMBER(15) NOT NULL,
    USER_ID NUMBER(10) NOT NULL,
    PRIMARY KEY(PAGE_ID),
    FOREIGN KEY(PAGE_ID) REFERENCES PAGES(PAGE_ID),
    FOREIGN KEY(USER_ID) REFERENCES USERS(USER_ID)
);

CREATE TABLE POSTS (
    POST_ID NUMBER(12) NOT NULL,
    POST_CONTENT VARCHAR2(50),
    POST_DATE DATE,
    USER_ID NUMBER(10) NOT NULL,
    PRIMARY KEY(POST_ID),
    FOREIGN KEY(USER_ID) REFERENCES USERS(USER_ID)
);

CREATE TABLE POSTS_LIKED (
    POST_ID NUMBER(12) NOT NULL,
    USER_ID NUMBER(10),
    PRIMARY KEY(POST_ID),
    FOREIGN KEY(POST_ID) REFERENCES POSTS(POST_ID)
);

CREATE TABLE PHOTOS (
    PHOTO_ID NUMBER(8) NOT NULL,
    IMAGE_CONTENT VARCHAR2(64),
    POST_ID NUMBER(12) NOT NULL,
    PRIMARY KEY(PHOTO_ID)
);

CREATE TABLE SHARES (
    POST_ID NUMBER(12) NOT NULL,
    USER_ID NUMBER(10) NOT NULL,
    PRIMARY KEY(POST_ID),
    FOREIGN KEY(POST_ID) REFERENCES POSTS(POST_ID)
);

CREATE TABLE COMMENTS (
    COMMENT_ID NUMBER(10) NOT NULL,
    USER_ID NUMBER(10) NOT NULL,
    POST_ID NUMBER(12) NOT NULL,
    COMMENT_DATE DATE,
    COMMENT_CONTENT VARCHAR2(50),
    PRIMARY KEY(COMMENT_ID),
    FOREIGN KEY(POST_ID) REFERENCES POSTS(POST_ID)
);

CREATE TABLE POSTS_HAVE (
    POST_ID NUMBER(12) NOT NULL,
    PHOTO_ID NUMBER(8) NOT NULL,
    PRIMARY KEY(POST_ID, PHOTO_ID),
    FOREIGN KEY(POST_ID) REFERENCES POSTS(POST_ID),
    FOREIGN KEY(PHOTO_ID) REFERENCES PHOTOS(PHOTO_ID)
);

CREATE TABLE COMMENT_LIKED (
    COMMENT_ID NUMBER(10) NOT NULL,
    USER_ID NUMBER(10) NOT NULL,
    PRIMARY KEY(COMMENT_ID),
    FOREIGN KEY(COMMENT_ID) REFERENCES COMMENTS(COMMENT_ID)
);

-- DATA INSERTION TO TABLE

INSERT INTO USERS (USER_ID, USERNAME, USER_MOBILE, USER_EMAIL, USER_ADDRESS) VALUES (102001, 'NAFIUL ALAM', 01307232605, 'nafiul.arpon@gmail.com', 'BOGURA');
INSERT INTO USERS (USER_ID, USERNAME, USER_MOBILE, USER_EMAIL, USER_ADDRESS) VALUES (102002, 'HUMAIYON RUPOK', 01007232601, 'rupok@gmail.com', 'PABNA');
INSERT INTO USERS (USER_ID, USERNAME, USER_MOBILE, USER_EMAIL, USER_ADDRESS) VALUES (102003, 'PARTHO SHOMMO', 01007232602, 'shommo@gmail.com', 'SYLHET');
INSERT INTO USERS (USER_ID, USERNAME, USER_MOBILE, USER_EMAIL, USER_ADDRESS) VALUES (102004, 'KAZI FIYAZ', 01007232603, 'fiyaz@gmail.com', 'THAKURGA');
INSERT INTO USERS (USER_ID, USERNAME, USER_MOBILE, USER_EMAIL, USER_ADDRESS) VALUES (102005, 'RAIHAN IFTEE', 01007232604, 'iftee@gmail.com', 'JOYPURHAT');
INSERT INTO USERS (USER_ID, USERNAME, USER_MOBILE, USER_EMAIL, USER_ADDRESS) VALUES (102006, 'PRITHUL BISWAS', 01007232605, 'prithul@gmail.com', 'DHAKA');
INSERT INTO USERS (USER_ID, USERNAME, USER_MOBILE, USER_EMAIL, USER_ADDRESS) VALUES (102007, 'SUMAIYA MIFRA', 01007232606, 'mifra@gmail.com', 'DINAJPUR');
INSERT INTO USERS (USER_ID, USERNAME, USER_MOBILE, USER_EMAIL, USER_ADDRESS) VALUES (102008, 'ANZUM ISHA', 01007232607, 'isha@gmail.com', 'CHITTAGONG');
INSERT INTO USERS (USER_ID, USERNAME, USER_MOBILE, USER_EMAIL, USER_ADDRESS) VALUES (102009, 'TAQIUL ISLAM', 01007232608, 'taqiul@gmail.com', 'RAJSHAHI');
INSERT INTO USERS (USER_ID, USERNAME, USER_MOBILE, USER_EMAIL, USER_ADDRESS) VALUES (102010, 'SHIHAB NEWAZ', 01007232609, 'shihab@gmail.com', 'BOGURA');

INSERT INTO LOGINS (LOGIN_ID, LOGIN_USERNAME, USER_PASSWORD) VALUES (102001, 'NAFIUL', 'V12345678');
INSERT INTO LOGINS (LOGIN_ID, LOGIN_USERNAME, USER_PASSWORD) VALUES (102002, 'RUPOK', '010072DSA5');
INSERT INTO LOGINS (LOGIN_ID, LOGIN_USERNAME, USER_PASSWORD) VALUES (102003, 'SHOMMO', '010072AA02');
INSERT INTO LOGINS (LOGIN_ID, LOGIN_USERNAME, USER_PASSWORD) VALUES (102004, 'FIYAZ', '01TT723203');
INSERT INTO LOGINS (LOGIN_ID, LOGIN_USERNAME, USER_PASSWORD) VALUES (102005, 'IFTEE', '01XXSA7259604');
INSERT INTO LOGINS (LOGIN_ID, LOGIN_USERNAME, USER_PASSWORD) VALUES (102006, 'PRITHUL', '0PRI832605');
INSERT INTO LOGINS (LOGIN_ID, LOGIN_USERNAME, USER_PASSWORD) VALUES (102007, 'MIFRA', '010070A0606');
INSERT INTO LOGINS (LOGIN_ID, LOGIN_USERNAME, USER_PASSWORD) VALUES (102008, 'ISHA', '01007255XX07');
INSERT INTO LOGINS (LOGIN_ID, LOGIN_USERNAME, USER_PASSWORD) VALUES (102009, 'TAQIUL', '01005326TQ08');
INSERT INTO LOGINS (LOGIN_ID, LOGIN_USERNAME, USER_PASSWORD) VALUES (102010, 'SHIHAB', 'SH0100232609');

INSERT INTO ROLES (ROLE_ID, ROLE_NAME, ROLE_DESC) VALUES (102001, 'ADMIN', 'DBMS ADMIN');
INSERT INTO ROLES (ROLE_ID, ROLE_NAME, ROLE_DESC) VALUES (102002, 'NORMAL USER', 'USER WITH BASIC PLAN');
INSERT INTO ROLES (ROLE_ID, ROLE_NAME, ROLE_DESC) VALUES (102003, 'PREMIUM USER', 'USER WITH PREMIUM PLAN');
INSERT INTO ROLES (ROLE_ID, ROLE_NAME, ROLE_DESC) VALUES (102004, 'VIP USER', 'PREMIUM USER WITH SPECIAL PRIVILEGES');
INSERT INTO ROLES (ROLE_ID, ROLE_NAME, ROLE_DESC) VALUES (102005, 'PREMIUM USER', 'USER WITH PREMIUM PLAN');
INSERT INTO ROLES (ROLE_ID, ROLE_NAME, ROLE_DESC) VALUES (102006, 'MODERATOR', 'HANDLES POSTS');
INSERT INTO ROLES (ROLE_ID, ROLE_NAME, ROLE_DESC) VALUES (102007, 'MODERATOR', 'HANDLES COMMENTS AND SHARES');
INSERT INTO ROLES (ROLE_ID, ROLE_NAME, ROLE_DESC) VALUES (102008, 'VIP USER', 'PREMIUM USER WITH SPECIAL PRIVILEGES');
INSERT INTO ROLES (ROLE_ID, ROLE_NAME, ROLE_DESC) VALUES (102009, 'MODERATOR', 'HANDLES PHOTOS');
INSERT INTO ROLES (ROLE_ID, ROLE_NAME, ROLE_DESC) VALUES (102010, 'NORMAL USER', 'USER WITH BASIC PLAN');

INSERT INTO PERMISSIONS (PER_ID, PER_NAME, PER_MODULE) VALUES (102001, 'FULL', 'F-W/R');
INSERT INTO PERMISSIONS (PER_ID, PER_NAME, PER_MODULE) VALUES (102002, 'VIEWER', 'V');
INSERT INTO PERMISSIONS (PER_ID, PER_NAME, PER_MODULE) VALUES (102003, 'PVIEWER', 'P-V');
INSERT INTO PERMISSIONS (PER_ID, PER_NAME, PER_MODULE) VALUES (102004, 'SVIEWER', 'S-V');
INSERT INTO PERMISSIONS (PER_ID, PER_NAME, PER_MODULE) VALUES (102005, 'PVIEWER', 'P-V');
INSERT INTO PERMISSIONS (PER_ID, PER_NAME, PER_MODULE) VALUES (102006, 'SELECTIVE', 'S-W/R');
INSERT INTO PERMISSIONS (PER_ID, PER_NAME, PER_MODULE) VALUES (102007, 'SELECTIVE', 'S-W/R');
INSERT INTO PERMISSIONS (PER_ID, PER_NAME, PER_MODULE) VALUES (102008, 'SVIEWER', 'S-V');
INSERT INTO PERMISSIONS (PER_ID, PER_NAME, PER_MODULE) VALUES (102009, 'SELECTIVE', 'S-W/R');
INSERT INTO PERMISSIONS (PER_ID, PER_NAME, PER_MODULE) VALUES (102010, 'VIEWER', 'V');

INSERT INTO FRIENDS (FRIEND_ID, USER_ID) VALUES (102100, 102002);
INSERT INTO FRIENDS (FRIEND_ID, USER_ID) VALUES (102101, 102002);
INSERT INTO FRIENDS (FRIEND_ID, USER_ID) VALUES (102102, 102002);
INSERT INTO FRIENDS (FRIEND_ID, USER_ID) VALUES (102103, 102003);
INSERT INTO FRIENDS (FRIEND_ID, USER_ID) VALUES (102104, 102003);
INSERT INTO FRIENDS (FRIEND_ID, USER_ID) VALUES (102105, 102004);
INSERT INTO FRIENDS (FRIEND_ID, USER_ID) VALUES (102106, 102004);
INSERT INTO FRIENDS (FRIEND_ID, USER_ID) VALUES (102107, 102005);
INSERT INTO FRIENDS (FRIEND_ID, USER_ID) VALUES (102108, 102005);
INSERT INTO FRIENDS (FRIEND_ID, USER_ID) VALUES (102109, 102005);

INSERT INTO PAGES (PAGE_ID, PAGE_NAME, PAGE_CONTENT) VALUES (00300700, 'KUET CSE', 'DETAILS ABOUT KUET CSE');
INSERT INTO PAGES (PAGE_ID, PAGE_NAME, PAGE_CONTENT) VALUES (00300701, 'SGPCI', 'DETAILS ABOUT SGPCI');
INSERT INTO PAGES (PAGE_ID, PAGE_NAME, PAGE_CONTENT) VALUES (00300702, 'HACK', 'DETAILS ABOUT HARDWARE');
INSERT INTO PAGES (PAGE_ID, PAGE_NAME, PAGE_CONTENT) VALUES (00300703, 'KUET', 'DETAILS ABOUT KUET');
INSERT INTO PAGES (PAGE_ID, PAGE_NAME, PAGE_CONTENT) VALUES (00300704, 'BIT TO BYTE', 'DETAILS ABOUT B2B');
INSERT INTO PAGES (PAGE_ID, PAGE_NAME, PAGE_CONTENT) VALUES (00300705, 'SUCK', 'DETAILS ABOUT SINGLE CLUB');
INSERT INTO PAGES (PAGE_ID, PAGE_NAME, PAGE_CONTENT) VALUES (00300706, 'FOODIES', 'DETAILS ABOUT FOODS');
INSERT INTO PAGES (PAGE_ID, PAGE_NAME, PAGE_CONTENT) VALUES (00300707, 'ADVENTURE CLUB', 'DETAILS ABOUT ADVENTURE CLUB');
INSERT INTO PAGES (PAGE_ID, PAGE_NAME, PAGE_CONTENT) VALUES (00300708, 'SOURCE OF PRODUCT', 'DETAILS ABOUT DIFFERENT PRODUCT');
INSERT INTO PAGES (PAGE_ID, PAGE_NAME, PAGE_CONTENT) VALUES (00300709, 'SHOMASH TECH', 'DETAILS ABOUT PHONES');

INSERT INTO PAGE_LIKED (PAGE_ID, USER_ID) VALUES (00300700, 102002);
INSERT INTO PAGE_LIKED (PAGE_ID, USER_ID) VALUES (00300701, 102002);
INSERT INTO PAGE_LIKED (PAGE_ID, USER_ID) VALUES (00300702, 102002);
INSERT INTO PAGE_LIKED (PAGE_ID, USER_ID) VALUES (00300703, 102002);
INSERT INTO PAGE_LIKED (PAGE_ID, USER_ID) VALUES (00300704, 102002);
INSERT INTO PAGE_LIKED (PAGE_ID, USER_ID) VALUES (00300705, 102003);
INSERT INTO PAGE_LIKED (PAGE_ID, USER_ID) VALUES (00300706, 102003);
INSERT INTO PAGE_LIKED (PAGE_ID, USER_ID) VALUES (00300707, 102003);
INSERT INTO PAGE_LIKED (PAGE_ID, USER_ID) VALUES (00300708, 102003);
INSERT INTO PAGE_LIKED (PAGE_ID, USER_ID) VALUES (00300709, 102003);